nrk.no,5723
aftenposten.no,3177
dagbladet.no,2509
vg.no,2475
tv2.no,939
nettavisen.no,847
blogspot.no,761
bt.no,738
thelocal.no,707
e24.no,653
google.no,539
dn.no,453
adressa.no,397
ba.no,340
dagsavisen.no,295
p3.no,283
klassekampen.no,281
abcnyheter.no,248
forskning.no,242
priv.no,214
vgtv.no,206
aftenbladet.no,172
osloby.no,170
digi.no,165
newsinenglish.no,157
blogg.no,138
mnmt.no,137
tu.no,131
morgenbladet.no,127
finn.no,125
uio.no,121
hegnar.no,115
nordlys.no,114
na24.no,111
nrkbeta.no,108
eurosport.no,94
pressfire.no,90
tnp.no,90
dinside.no,79
budstikka.no,75
document.no,71
side3.no,67
minervanett.no,67
idg.no,66
universitetsavisa.no,65
fvn.no,64
fotball.no,63
resett.no,62
frifagbevegelse.no,61
steigan.no,61
tek.no,59
dt.no,59
regjeringen.no,57
ntnu.no,56
vl.no,55
dusken.no,53
smp.no,51
itavisen.no,49
norwaypost.no,49
theforeigner.no,49
uib.no,48
tjen-folket.no,47
rbk.no,47
itromso.no,46
tacky.no,45
dbtv.no,44
hardware.no,43
artige.no,42
yr.no,41
tv2nyhetene.no,41
gamer.no,40
rb.no,40
nattogdag.no,37
vartoslo.no,36
db.no,35
hoysater.no,34
side2.no,33
journalisten.no,32
aldrimer.no,31
rights.no,31
kjendis.no,31
universitas.no,30
ssb.no,28
jakoblind.no,28
politiforum.no,28
dvb.no,28
rbnett.no,28
tb.no,28
komplett.no,27
skiinfo.no,27
ta.no,26
gemini.no,26
kommune.no,25
nationen.no,25
fanaposten.no,25
fritanke.no,24
faktisk.no,24
5080.no,24
an.no,24
lekgodt.no,24
nyemeninger.no,23
united.no,23
medier24.no,22
filternyheter.no,22
f-b.no,22
piratpartiet.no,22
josimar.no,21
radikalportal.no,21
h-a.no,21
forskningsradet.no,21
moldefk.no,20
varden.no,20
stortinget.no,19
rogalandsavis.no,19
bildr.no,19
godset.no,19
agendamagasin.no,18
stabak.no,18
dagensmedisin.no,17
dagen.no,17
h-avis.no,17
bodonu.no,17
onarki.no,17
finnmarkdagblad.no,17
vif-fotball.no,17
filmweb.no,16
norges-bank.no,16
aasanetidende.no,16
nb.no,15
bekk.no,15
forbrukerradet.no,15
ifinnmark.no,14
p4.no,14
altaposten.no,14
uit.no,14
heltnormalt.no,14
securesolutions.no,14
smidsrod.no,14
dinepenger.no,14
ranablad.no,13
frieord.no,13
nordnorskdebatt.no,13
framtiden.no,13
ht.no,13
javazone.no,13
vredens-gnag.no,12
mdg.no,12
dagogtid.no,12
klikk.no,12
sagat.no,12
online.no,12
vgc.no,11
altomfotball.no,11
oa.no,11
moss-avis.no,11
elkjop.no,11
t-a.no,11
gamersleague.no,11
grida.no,11
ingebrigtsen.no,11
hordaland.no,10
nrc.no,10
bladet.no,10
ringblad.no,10
found.no,10
vgb.no,10
brann.no,10
tidsskriftet.no,10
samfundet.no,10
firda.no,10
framtida.no,10
fagbladet.no,9
sprakradet.no,9
nytid.no,9
holderdeord.no,9
bouvet.no,9
sb.no,9
naggum.no,9
namdalsavisa.no,9
dittoslo.no,9
cjohansen.no,9
gamereactor.no,9
agderposten.no,9
linpro.no,9
nbim.no,9
hamberg.no,9
elbil.no,8
ha-halden.no,8
venstre.no,8
origo.no,8
viking-fk.no,8
gigacon.no,8
cw.no,8
binaerpilot.no,8
geist.no,8
lovdata.no,8
dota2.no,8
dagensit.no,8
iterate.no,8
gd.no,8
rus.no,8
manifesttidsskrift.no,8
sandefjordfotball.no,8
rett24.no,8
makingview.no,8
bitremenn.no,8
khrono.no,8
flatmap.no,8
monokrom.no,8
motor.no,7
minmote.no,7
mnocdn.no,7
nav.no,7
java.no,7
gettyimages.no,7
viking.no,7
procycling.no,7
stv.no,7
styrkeloft.no,7
ektenyheter.no,7
sunnhordland.no,7
idmedia.no,7
olportalen.no,7
fhi.no,7
glomdalen.no,7
lofotposten.no,7
aafk.no,7
utrop.no,7
nuug.no,7
sol.no,6
abelprisen.no,6
studyinnorway.no,6
npolar.no,6
linux.no,6
studvest.no,6
vestnytt.no,6
siste.no,6
ostlendingen.no,6
yes.no,6
pst.no,6
hiof.no,6
netonnet.no,6
ife.no,6
sintef.no,6
lokalradio.no,6
digitaltmuseum.no,6
normal.no,6
timwendelboe.no,6
toi.no,6
host1.no,6
lsk.no,6
udi.no,6
rbkweb.no,6
geekhouse.no,6
abelprize.no,6
epla.no,6
politi.no,6
borud.no,6
sysla.no,5
energiogklima.no,5
norwaychess.no,5
bygg.no,5
nettserier.no,5
forsvaret.no,5
sandnesulf.no,5
futurelibrary.no,5
pollofpolls.no,5
hockey.no,5
yayponies.no,5
ez.no,5
webaksess.no,5
offshore.no,5
underskrift.no,5
sa.no,5
0p.no,5
hackeriet.no,5
motmakt.no,5
op.no,5
jodal.no,5
freak.no,5
amnesty.no,5
holbergprisen.no,5
sc2.no,5
nhh.no,5
nord24.no,5
saunders.no,5
newsweb.no,5
ellens.no,5
teknofil.no,5
smaalenene.no,5
oblad.no,5
zooom.no,5
snl.no,5
9m.no,5
niku.no,5
hnytt.no,5
bergenolfestival.no,5
cdon.no,5
forsvaretsforum.no,5
finnmarken.no,5
hja.no,5
skyss.no,5
start.no,5
underdusken.no,5
nedsig.no,5
einarsen.no,5
ofvas.no,4
banett.no,4
seher.no,4
firdaposten.no,4
kk.no,4
bistandsaktuelt.no,4
amta.no,4
kaffebox.no,4
nab.no,4
derimot.no,4
oyafestivalen.no,4
home.no,4
hoyre.no,4
andresensblogg.no,4
kvinneguiden.no,4
novanet.no,4
cobaltvault.no,4
arkivverket.no,4
skatteetaten.no,4
lov2xlr8.no,4
odd.no,4
heimskringla.no,4
arekalvo.no,4
prprat.no,4
royalcourt.no,4
neitileu.no,4
sykepleien.no,4
metal-hammer.no,4
fosenavisa.no,4
mobilen.no,4
vegvesen.no,4
notam02.no,4
playboard.no,4
ut.no,4
m24.no,4
rusfeltet.no,4
pickles.no,4
byavisa.no,4
anarchy.no,4
diskusjon.no,4
verdidebatt.no,4
fosna-folket.no,4
mattogpatt.no,4
tk.no,4
aabech.no,4
til.no,4
vglive.no,4
indre.no,4
sandnesposten.no,4
nilu.no,4
rabatt24.no,4
lol.no,4
miljodirektoratet.no,3
alda.no,3
mensa.no,3
lemmi.no,3
uia.no,3
klanen.no,3
rusopplysningen.no,3
norge.no,3
matrise.no,3
aperitif.no,3
spleis.no,3
harvestmagazine.no,3
helsenorge.no,3
bitmynt.no,3
godt.no,3
telenor.no,3
sites.no,3
framtidinord.no,3
digitaltpersonvern.no,3
optimalesystemer.no,3
gaysir.no,3
desk.no,3
akersposten.no,3
jobbnorge.no,3
montel.no,3
fftv.no,3
afterbang.no,3
bengler.no,3
friflyt.no,3
avisa-st.no,3
iallenkelhet.no,3
erlik.no,3
quitter.no,3
nina.no,3
viagame.no,3
underskog.no,3
dvikan.no,3
helg.no,3
webcruiter.no,3
ticketmaster.no,3
indierecordings.no,3
bygdeposten.no,3
keyboarders.no,3
afrika.no,3
bstv.no,3
helgeland-arbeiderblad.no,3
bellona.no,3
oljefondet.no,3
meyou.no,3
werner.no,3
itverket.no,3
datatilsynet.no,3
nd.no,3
liberaleren.no,3
vanø.no,3
kartverket.no,3
av-avis.no,3
platekompaniet.no,3
kollokvium.no,3
link.no,3
monda.no,3
radionova.no,3
vest24.no,3
uninett.no,3
kriminalomsorgen.no,3
maxfps.no,3
tronderbladet.no,3
expedia.no,3
korturl.no,3
detailersclub.no,3
laagendalsposten.no,3
redbull.no,3
pondus.no,3
unis.no,3
sognavis.no,3
sarpsborg08.no,3
glimt.no,3
blv.no,3
brreg.no,3
eliteserien.no,3
shifter.no,3
xn--rdt-0na.no,3
forebygging.no,3
ruter.no,3
pahoyden.no,3
harmannenfalt.no,3
ndla.no,3
spreadshirt.no,3
samordnaopptak.no,3
filtermagasin.no,3
dagensperspektiv.no,3
monsaki.no,3
ntbinfo.no,3
vagant.no,3
sydhav.no,3
bi.no,3
kristiansundbk.no,3
psykologisk.no,3
hallingdolen.no,3
radio.no,3
mentalhelse.no,3
sv.no,3
akam.no,3
paranaiv.no,3
jmp.no,3
mediedebatt.no,3
oyhus.no,3
eub.no,3
bandoli.no,3
imhotep.no,3
arkivert.no,3
midtsiden.no,3
tv2underholdning.no,3
1881.no,3
broadpark.no,3
loo.no,3
torussiawithlove.no,3
karmoygeddon.no,2
liverpool.no,2
usn.no,2
soundsofnorway.no,2
civita.no,2
barnevakten.no,2
sageneavis.no,2
nrj.no,2
cmi.no,2
ostfoldfk.no,2
aibn.no,2
andalsnes-avis.no,2
oslohudlegesenter.no,2
lmd.no,2
varleg.no,2
frp.no,2
antinato.no,2
advokatbladet.no,2
wiumlie.no,2
rettspraksis.no,2
lyngdalsavis.no,2
forlagsliv.no,2
wwf.no,2
peterwarren.no,2
babyverden.no,2
hioa.no,2
stargatemedia.no,2
forskerforum.no,2
multicom.no,2
truben.no,2
hblad.no,2
karismarecords.no,2
viasport.no,2
rusreform.no,2
gamezone.no,2
vestviken24.no,2
123spill.no,2
ks3d.no,2
changemaker.no,2
vertebrae.no,2
arcticsec.no,2
agne.no,2
thorenergy.no,2
bondebladet.no,2
rubio.no,2
lommelegen.no,2
prosjektskolen.no,2
gigapix.no,2
driva.no,2
klartale.no,2
jeton.no,2
finanstilsynet.no,2
avisa-hordaland.no,2
at.no,2
rushprint.no,2
nearadio.no,2
nfi.no,2
technoport.no,2
yngreleger.no,2
nieuhetene.no,2
religioner.no,2
taliban-norge.no,2
alrek.no,2
varingen.no,2
generatorx.no,2
itpro.no,2
fotnoter.no,2
orjas.no,2
omegav.no,2
indregard.no,2
qxl.no,2
stemdlf.no,2
vikebladet.no,2
hivand.no,2
attac.no,2
hveem.no,2
jocke.no,2
chiru.no,2
olympiatoppen.no,2
obforum.no,2
xn--bodposten-n8a.no,2
omegamedia.no,2
kil.no,2
industrienergi.no,2
nkom.no,2
obriens.no,2
statnett.no,2
o7.no,2
cavesofsteel.no,2
2l.no,2
dep.no,2
trampe.no,2
mediemix.no,2
voeblogg.no,2
gurudiscgolf.no,2
nfkino.no,2
efn.no,2
mossdagblad.no,2
pressenytt.no,2
kvasir.no,2
jernbaneverket.no,2
vepsen.no,2
fotballsupporter.no,2
kaffikaze.no,2
bimmers.no,2
blank.no,2
hk-nytt.no,2
fiskeribladet.no,2
radioh.no,2
udir.no,2
ranheimfotball.no,2
bilnorge.no,2
harmannenfaltned.no,2
spillexpo.no,2
haagen-software.no,2
hanseri.no,2
freecode.no,2
detnorsketeatret.no,2
youtube.no,2
sydvesten.no,2
adventur.no,2
miles.no,2
wub.no,2
treningsforum.no,2
skattelister.no,2
kongehuset.no,2
u4.no,2
goeran.no,2
it-nytt.no,2
mir.no,2
lushnorge.no,2
ivarjohansen.no,2
vinmonopolet.no,2
maxgaming.no,2
electrocompaniet.no,2
jaegeroslo.no,2
drm24.no,2
ikt-norge.no,2
spartakus.no,2
storm.no,2
nordhordland.no,2
utmelding.no,2
human.no,2
fremover.no,2
norskpen.no,2
byas.no,2
lydogbilde.no,2
digitalwinners.no,2
enslask.no,2
comoyo.no,2
gratiskondomer.no,2
geosoft.no,2
enerwe.no,2
leifsande.no,2
proshop.no,2
erfaringskompetanse.no,2
power.no,2
utdanningsnytt.no,2
humanist.no,2
skepsis.no,2
arbeiderpartiet.no,2
tvvest.no,2
oiw.no,2
uis.no,2
musikknyheter.no,2
ikstart.no,2
kjonnsforskning.no,2
rodekors.no,2
tine.no,2
valg.no,2
hist.no,2
venneslatidende.no,2
gamermag.no,2
0x41.no,2
srib.no,2
bjornjohansen.no,2
nrksuper.no,2
dalane-tidende.no,2
miff.no,2
bo-bedre.no,2
peacebuilding.no,2
madsostberg.no,2
prio.no,2
nrkp3.no,2
nordnesrepublikken.no,2
hio.no,2
spireorg.no,2
thj.no,2
domstol.no,2
lister24.no,2
kommunal-rapport.no,2
0o.no,2
g8.no,2
seas.no,2
digitalebilag.no,2
bergen360.no,2
montages.no,2
hjertefolgerne.no,2
scanpix.no,2
old.no,2
inspired.no,2
troillprat.no,2
porsgrunnakupunktur.no,2
antagonist.no,2
thinfilm.no,2
rolness.no,2
fjt.no,2
chello.no,2
tvnorge.no,2
holeinthesky.no,2
hooked.no,2
kirken.no,2
rakshasa.no,2
i2p2.no,2
sweco.no,2
mikkelgruner.no,2
riksmalsforbundet.no,2
fredrikstadavisa.no,2
valgresultat.no,2
vol.no,2
nernett.no,2
actis.no,2
oslogames.no,2
oslobuss.no,2
halehelter.no,2
billettservice.no,2
phs.no,2
nasjonalmuseet.no,2
umb.no,2
nupi.no,2
telia.no,2
framsenteret.no,2
nortura.no,1
feministiskinitiativ.no,1
adidas.no,1
lightup.no,1
frittord.no,1
means.no,1
stepper.no,1
andoyaspace.no,1
ge.no,1
idunn.no,1
glassolutions.no,1
gender.no,1
floyen.no,1
filterfilmogtv.no,1
rop.no,1
skeid.no,1
vi.no,1
frokosten.no,1
jernbanedirektoratet.no,1
hi.no,1
testfakta.no,1
matslinder.no,1
lyn1896.no,1
frukt.no,1
nve.no,1
matpaabordet.no,1
drikkeglede.no,1
msm.no,1
kiwi.no,1
vogtene.no,1
aktivioslo.no,1
opam.no,1
grenda.no,1
lddy.no,1
ticketco.no,1
mobilepay.no,1
politikus.no,1
nvig.no,1
eqtiming.no,1
skjerder.no,1
mariasmetode.no,1
barents.no,1
dinavis.no,1
vgd.no,1
slottsfjell.no,1
monticello.no,1
pollymotorsport.no,1
detnor.no,1
barcraftoslo.no,1
dittforslag.no,1
magic360.no,1
tryggtrafikk.no,1
vpn.no,1
nho.no,1
nql.no,1
bensmann.no,1
bfk.no,1
ringsaker-blad.no,1
bergen2017.no,1
drangedalsposten.no,1
passionfruit.no,1
billettportalen.no,1
ijobb.no,1
duplexrecords.no,1
nymusikk.no,1
dyreparken.no,1
xn--lsalget-p1a.no,1
norgeskart.no,1
forumfor.no,1
galdu.no,1
gusknettavisa.no,1
visitnorway.no,1
itjenestefornorge.no,1
illvit.no,1
kosmorama.no,1
spaniaavisen.no,1
nrrl.no,1
makerfaireoslo.no,1
pizza24.no,1
unn.no,1
fimbulvetr.no,1
luftfartstilsynet.no,1
digitalarkivet.no,1
torhenrik.no,1
fjellstrand.no,1
xn--klimasksml-95a8t.no,1
studentersamfundet.no,1
bt3.no,1
vaksdalposten.no,1
lekeplasskontrollen.no,1
fostech.no,1
rosti.no,1
oslocancercluster.no,1
trollbilen.no,1
smakmagasinet.no,1
fotballnerd.no,1
sexydoll.no,1
debatt1.no,1
bigdipper.no,1
calories.no,1
erpikkenreist.no,1
tigernet.no,1
norskegronnsaker.no,1
mimesbronn.no,1
hlb.no,1
karrierestart.no,1
krs247.no,1
hvaskjeranorge.no,1
norwayexports.no,1
undertaket.no,1
fribit.no,1
nazarian.no,1
saih.no,1
blimed.no,1
gatasp.no,1
stvolda.no,1
soiland.no,1
kongkaffe.no,1
luftwaffe.no,1
norgeskristne.no,1
xtinafoto.no,1
gcinfo.no,1
klapp.no,1
gautefall.no,1
icefestival.no,1
gateavisa.no,1
giblod.no,1
borntoheal.no,1
anart.no,1
grunder.no,1
sirdolen.no,1
fantasticnorway.no,1
repost.no,1
digitalkampanje.no,1
byttpolitikk.no,1
danieljackson.no,1
naturgalleriet.no,1
slikogderfor.no,1
oslomakerfaire.no,1
gyldendal.no,1
grayzine.no,1
nemi.no,1
rostrum.no,1
satyricon.no,1
blockchainbloggen.no,1
sandtro.no,1
bitspace.no,1
Klara-klok.no,1
oitf.no,1
klimaoslo.no,1
bok365.no,1
mechatronics.no,1
oljekrisa.no,1
hadeland.no,1
ledernytt.no,1
skatepro.no,1
ibelieveinyou.no,1
fkh.no,1
boldbooks.no,1
osloairportcity.no,1
skandiaenergi.no,1
viafree.no,1
ratkje.no,1
nifes.no,1
jaribakken.no,1
petro.no,1
stakkarsoss.no,1
ldo.no,1
austagderblad.no,1
uv.no,1
side2blogg.no,1
busskartet.no,1
dyrsrettigheter.no,1
jva.no,1
legerutengrenser.no,1
crossfit-norge.no,1
tankesmed.no,1
360moods.no,1
llh.no,1
rastlaus.no,1
arcticlightphoto.no,1
etikkom.no,1
alternativ.no,1
junkyard.no,1
ladiestour.no,1
sagabok.no,1
borgerlonn.no,1
bakke-nett.no,1
finnerikvinje.no,1
haagensenfoto.no,1
lanekortet.no,1
730.no,1
milrab.no,1
skup.no,1
philippberndt.no,1
nored.no,1
blikk.no,1
hardanger-folkeblad.no,1
arkitekturnytt.no,1
barbershop.no,1
poker.no,1
bomlo-nytt.no,1
davoy.no,1
vikinghavn.no,1
fiskeribladetfiskaren.no,1
dazz.no,1
tilmobilen.no,1
snutter.no,1
kystverket.no,1
nas-veven.no,1
respublica.no,1
oslocomicsexpo.no,1
tr.no,1
spacecentre.no,1
osloølfestival.no,1
svommeaksjonen.no,1
mjl.no,1
maddam.no,1
lo.no,1
andreasnesheim.no,1
brynefk.no,1
radioplay.no,1
ivaraasen.no,1
naturpress.no,1
hest.no,1
kryptofinans.no,1
gat.no,1
cycled.no,1
foo.no,1
before.no,1
manifestanalyse.no,1
ms.no,1
csid.no,1
err.no,1
gunvor.no,1
bergenfest.no,1
neue.no,1
student.no,1
mammanett.no,1
geodataonline.no,1
huntinglodge.no,1
spinnaker.no,1
amobil.no,1
giktbloggen.no,1
klatring.no,1
tvbudstikka.no,1
loopback.no,1
bygdanytt.no,1
wedinweb.no,1
gjengangeren.no,1
becksbrasserie.no,1
testhelsen.no,1
fagpressenytt.no,1
kavlifondet.no,1
jsa.no,1
nokut.no,1
klimakravet.no,1
fredrikraddum.no,1
damping.no,1
skog.no,1
fritt-ord.no,1
maudreturnshome.no,1
bovan.no,1
hjelpekilden.no,1
verdalingen.no,1
inderoyningen.no,1
thomasflemming.no,1
idag.no,1
911truth.no,1
wumo.no,1
etterretningen.no,1
innherred.no,1
kont.no,1
onecall.no,1
kystogfjord.no,1
kolonforlag.no,1
devilsnest.no,1
oilers.no,1
navlab.no,1
snd.no,1
rbknytt.no,1
elverumfhs.no,1
icj.no,1
nablogg.no,1
makingwaves.no,1
grydis.no,1
jskompani.no,1
helle.no,1
africafornorway.no,1
xhd.no,1
tirsdagmorgen.no,1
kritikerlaget.no,1
tapironline.no,1
lkhaaland.no,1
regnskog.no,1
oslobowling.no,1
mediacitybergen.no,1
tigerberget.no,1
politiet.no,1
vlfk.no,1
skvis.no,1
teslastats.no,1
cannabismedisin.no,1
andreasselliaas.no,1
elektronikkbransjen.no,1
openshell.no,1
frisky.no,1
kode24.no,1
noblad.no,1
ringeriksavisa.no,1
riddle.no,1
surf-norge.no,1
musikkfest.no,1
ubaat.no,1
mooc.no,1
nr.no,1
legway.no,1
mre.no,1
ferdinandvelomobil.no,1
k7bulletin.no,1
logikksjekk.no,1
zajed.no,1
krsby.no,1
landevei.no,1
contxt.no,1
comfyway.no,1
makentnu.no,1
prisguiden.no,1
litt.no,1
boligreisen.no,1
chrono24.no,1
alois.no,1
lyderhornavis.no,1
proff.no,1
vikingstreams.no,1
headbanger.no,1
radiogaga.no,1
roganytt.no,1
terrengsykkel.no,1
bymisjon.no,1
northernlighting.no,1
statkart.no,1
chiron.no,1
hedalen.no,1
turistveg.no,1
stemmerett.no,1
aasentunet.no,1
osebergvikingskip.no,1
jooh.no,1
matamat.no,1
nlink.no,1
vio.no,1
nyancat.no,1
streamdet.no,1
arkitektnytt.no,1
vardehaugen.no,1
vitenogpraksis.no,1
cappelen-krefting.no,1
fnord.no,1
cblyd-lys.no,1
ung.no,1
arbeidstilsynet.no,1
nuartfestival.no,1
musicnorway.no,1
celluloidtunes.no,1
futurehome.no,1
aktuell.no,1
stereoscopica.no,1
pd.no,1
skribler.no,1
moondrop.no,1
sjh.no,1
mustad.no,1
vr-gruppen.no,1
deichman.no,1
mobilblogg.no,1
indev.no,1
you-tube.no,1
awil.no,1
nyb.no,1
wikipedia.no,1
adil.no,1
cryptotech.no,1
minalunde.no,1
mennihelse.no,1
senterpartiet.no,1
oslovegetarfestival.no,1
lofotenkrigmus.no,1
handikapnytt.no,1
battalion.no,1
coinweb.no,1
taxjustice.no,1
norut.no,1
fotoimport.no,1
arstadposten.no,1
jysk.no,1
madsheggen.no,1
sportal.no,1
nettbasertekurs.no,1
uka.no,1
raumnes.no,1
itnett.no,1
norsklektorlag.no,1
nms.no,1
reiseliv.no,1
piraja.no,1
aho.no,1
heikki.no,1
rockheim.no,1
h3x.no,1
oysteinrunde.no,1
hsorbo.no,1
laud.no,1
liberstad.no,1
fyllesnakk.no,1
spesialenheten.no,1
radiometro.no,1
bergen-klatreklubb.no,1
geodesi.no,1
inductive.no,1
tidsskriftet-ip.no,1
elevavis.no,1
elkjopryddesalg.no,1
enslaved.no,1
manglerudbetong.no,1
arendalfotball.no,1
billigpakke.no,1
ymte.no,1
waphost.no,1
matportalen.no,1
blockrock.no,1
coolsky.no,1
linc.no,1
prisjakt.no,1
m-art.no,1
geno.no,1
villvillvest.no,1
thefactory.no,1
manpower.no,1
okokrim.no,1
lovese.no,1
pokechat.no,1
austagderfk.no,1
narom.no,1
norsar.no,1
subjekt.no,1
co.no,1
judo.no,1
skandiabanken.no,1
kongehusetsbarnesider.no,1
bitraf.no,1
rbkmedia.no,1
rema.no,1
njff.no,1
kunstkritikk.no,1
littlist.no,1
morildinteraktiv.no,1
devport.no,1
tekniskmuseum.no,1
bergen-chamber.no,1
filosofisksupplement.no,1
manepe.no,1
luca.no,1
reklamesanger.no,1
abakus.no,1
barnekunst.no,1
roligheten.no,1
iisa.no,1
rorosnytt.no,1
aftenposte.no,1
kveldsavisen.no,1
bokelskere.no,1
startskudd.no,1
stoppensk.no,1
samlerhuset.no,1
humornieu.no,1
radionytt.no,1
wikipendium.no,1
xn--nyttpnett-92a.no,1
medialab.no,1
newswire.no,1
jennysplanet.no,1
andreasmikkelsen.no,1
gobiapp.no,1
xn--koko-fra.no,1
bydoktor.no,1
svalbardposten.no,1
kommunalbanken.no,1
bloggerina.no,1
thule.no,1
biip.no,1
urbanshop.no,1
itnerden.no,1
legejobber.no,1
volumfestivalen.no,1
nasjonalministeren.no,1
qpr.no,1
jimihendrix.no,1
samiskmyteknuser.no,1
operaen.no,1
monsalvat.no,1
singelmann.no,1
juristkontakt.no,1
byggsandvikaby.no,1
rognemedia.no,1
gigapan.no,1
nofima.no,1
glossybox.no,1
foodstudio.no,1
laid.no,1
lunatic.no,1
lysgaard.no,1
hvafor.no,1
nordicfest.no,1
nyheteribilder.no,1
norskpetroleum.no,1
forbrukerombudet.no,1
a-tec.no,1
chefmuratticatering.no,1
fisheries.no,1
elementa.no,1
magasinetpegasus.no,1
voices.no,1
nibio.no,1
legeforeningen.no,1
osloelmday.no,1
vegnett.no,1
gingabygg.no,1
konkurransetilsynet.no,1
bitcoinlommebok.no,1
gamestop.no,1
kccd.no,1
katolsk.no,1
gronnbil.no,1
stat.no,1
norskmeteornettverk.no,1
portfolio.no,1
barnevernsaksjonen.no,1
slikbrukesskattepengene.no,1
wantedinoslo.no,1
anitanyholt.no,1
studjobb.no,1
vitsebasen.no,1
hockeygutta.no,1
fiken.no,1
skatt.no,1
flappynoora.no,1
mossfrikirke.no,1
plmtechnology.no,1
dbstatic.no,1
ulv.no,1
saltenposten.no,1
norsis.no,1
fitjarislands.no,1
mattilsynet.no,1
snowboardforbundet.no,1
forse.no,1
tonsofrock.no,1
liseaskvik.no,1
xpod.no,1
envillmann.no,1
rektor.no,1
fafo.no,1
thomasmoen.no,1
sysedata.no,1
mnemosyne.no,1
snorrevalen.no,1
fud.no,1
graph.no,1
norwegianfashion.no,1
antisweden.no,1
sit.no,1
yourban.no,1
gjensidigeaksjen.no,1
lull.no,1
minnekort.no,1
passegal.no,1
bidra.no,1
fitnessbloggen.no,1
falk-petersen.no,1
masterbloggen.no,1
stormberg.no,1
kirkensnodhjelp.no,1
helsebiblioteket.no,1
hetolsen.no,1
friprog.no,1
oh.no,1
familiestiftelsen.no,1
altabikes.no,1
xn--gls-1na.no,1
bondelan.no,1
appetittenpizzagrill.no,1
quesht.no,1
airbnb.no,1
hennig-olsen.no,1
skole.no,1
theoslobook.no,1
norsk-tipping.no,1
tgnd.no,1
holovation.no,1
nportal.no,1
danskebank.no,1
vtb.no,1
stjordalsnytt.no,1
ap.no,1
dapper.no,1
bx3.no,1
tromso2014.no,1
uni.no,1
oslospektrum.no,1
plus500.no,1
astroevents.no,1
kjentfolk.no,1
bylarm.no,1
igjerstad.no,1
babla.no,1
fpu.no,1
cdi.no,1
tusenfryd.no,1
jotro.no,1
opusunum.no,1
svadagenerator.no,1
ocarina.no,1
enebakkavis.no,1
xn--b-4fa.no,1
darell.no,1
lofotr.no,1
romtilrom.no,1
vmsparkhurdal.no,1
euroflorist.no,1
silentwings.no,1
nidarfavoritter.no,1
ggwp.no,1
filmarkivet.no,1
no.no,1
rundskuer.no,1
slackware.no,1
palestinakomiteen.no,1
itdagene.no,1
lunddesign.no,1
1024.no,1
sesam.no,1
neitakk.no,1
bajs.no,1
lilja.no,1
bareknut.no,1
whg.no,1
aadnevikogcarlsen.no,1
dayladore.no,1
inma.no,1
froya.no,1
lofotenlinks.no,1
delgodene.no,1
axtri.no,1
rixim.no,1
sjakkselskapet.no,1
satoshi.no,1
friskedrag.no,1
ngi.no,1
demokratene.no,1
hacklivet.no,1
samfunnsmagasinet.no,1
mil.no,1
sigterm.no,1
minnesteder.no,1
hockeynytt.no,1
bataljonen.no,1
test.no,1
batliv.no,1
nyesos.no,1
sporadisk.no,1
nhc.no,1
folkebladet.no,1
bibsys.no,1
norwaynews.no,1
biosphere.no,1
nsb.no,1
rettit.no,1
tnslistene.no,1
missglossy.no,1
oslokulturnatt.no,1
levevei.no,1
samfunnsveven.no,1
asroma.no,1
cisv.no,1
elgklokka.no,1
rha.no,1
abelsymposium.no,1
blaugrana.no,1
kvinnesak.no,1
boligmentoren.no,1
bisbuzz.no,1
hoopla.no,1
godpraksis.no,1
bie.no,1
f12.no,1
aktivitetspark.no,1
tibet.no,1
portfoli.no,1
tnett.no,1
nrksport.no,1
skuls.no,1
barnehage.no,1
norwatch.no,1
forbrukerportalen.no,1
environment.no,1
mavericks.no,1
pwned.no,1
arngren.no,1
fett.no,1
darkside.no,1
savio.no,1
sabima.no,1
minecraft.no,1
ludostore.no,1
bus.no,1
opsvik.no,1
fjellkjeden.no,1
kvenskinstitutt.no,1
gamersparadise.no,1
fu.no,1
kureren.no,1
peikestokken.no,1
mesan.no,1
des.no,1
bldr.no,1
rafto.no,1
heidialexandra.no,1
coincloud.no,1
newparadigm.no,1
sebyen.no,1
fotole.no,1
nikk.no,1
thorcraft.no,1
gorset.no,1
netfun.no,1
t3k.no,1
lektro.no,1
technolife.no,1
fornsidr.no,1
uutforsket.no,1
veg-veg.no,1
altinn.no,1
gardsplassen.no,1
hive.no,1
mmonorge.no,1
spillpikene.no,1
munch150.no,1
mcdonalds.no,1
kiteklubb.no,1
campingsport.no,1
fisking.no,1
russelaat.no,1
friluftslivsboka.no,1
tidsmaskinen.no,1
ikrigogfred.no,1
natgeobloggen.no,1
baconclubhouse.no,1
norskmoeteservice.no,1
mcmp.no,1
nucc.no,1
mehl.no,1
think.no,1
stereopluss.no,1
ovebakken.no,1
nordnetbloggen.no,1
norgesbitcoinforening.no,1
helse-sorost.no,1
rovdata.no,1
folkehogskole.no,1
fjellsport.no,1
norwaycup.no,1
maritime.no,1
tvh.no,1
sny.no,1
biff.no,1
serienytt.no,1
unfold.no,1
torucon.no,1
fosen-helse.no,1
partifinansiering.no,1
trondheimkino.no,1
tvedestrandsposten.no,1
rocketstudios.no,1
sirus.no,1
bek.no,1
skyfex.no,1
kinsey.no,1
ndc2010.no,1
npd.no,1
nyinorge.no,1
parkour.no,1
mc24.no,1
skaparglede.no,1
battle.no,1
kaldera.no,1
tromsoby.no,1
oslonights.no,1
byggutengrenser.no,1
visitstjordal.no,1
missionnorway.no,1
klara-klok.no,1
hockeynorge.no,1
seilas.no,1
architecturenorway.no,1
kantega.no,1
motorpsycho.no,1
leanway.no,1
novelda.no,1
drphiloart.no,1
usikkert.no,1
cappelendamm.no,1
spillmuseet.no,1
folkebibl.no,1
oftedal.no,1
pollenvarslingen.no,1
maihaugen.no,1
razumny.no,1
wideroe.no,1
frieduellister.no,1
nndr.no,1
magnusop.no,1
klippoglim.no,1
studenttorget.no,1
gaukereiret.no,1
kavliprize.no,1
afmuseet.no,1
dreyersforlag.no,1
xxl.no,1
offroadfinnmark.no,1
makequiz.no,1
lekvam.no,1
psykologtidsskriftet.no,1
beater.no,1
mif.no,1
tilbakeblikk.no,1
visleg.no,1
toppfotball.no,1
xn--grfta-wua.no,1
innsyn.no,1
preik.no,1
runeguneriussen.no,1
kroma.no,1
dodsno.no,1
canis.no,1
bislettkebabhouse.no,1
darwinist.no,1
grimskull.no,1
fengestad.no,1
ebok.no,1
emmasofia.no,1
loitrondheim.no,1
rolfkenneth.no,1
xn--trante2017-25a.no,1
ksat.no,1
syklistene.no,1
aswesayinnorway.no,1
vrgamer.no,1
hangman.no,1
expert.no,1
retyre.no,1
festspillnn.no,1
kamfjord-it.no,1
na24blogg.no,1
lano.no,1
401.no,1
vvb.no,1
spartacus.no,1
oslobilder.no,1
dustinhome.no,1
wenhaug.no,1
snopp.no,1
insidetelecom.no,1
fiolinmaker.no,1
nordligefolk.no,1
norgespartiet.no,1
bymag.no,1
dnbfeed.no,1
hitra-froya.no,1
klubbenimitthjerte.no,1
msorensen.no,1
pokemongotips.no,1
tobakksorensen.no,1
vithvadukjoper.no,1
ol-akademiet.no,1
esperanto.no,1
finansnorge.no,1
vikingskipet.no,1
hasjavvenning.no,1
krfu.no,1
kjole-huset.no,1
nito.no,1
wilfa.no,1
scootipuff.no,1
vareveger.no,1
ekran.no,1
tryggtripp.no,1
medietilsynet.no,1
jump-cut.no,1
familieklubben.no,1
vglista.no,1
fontene.no,1
tocn.no,1
arcticcampers.no,1
mic-journal.no,1
historienet.no,1
torsteml.no,1
tv2sporten.no,1
teks.no,1
stoppdld.no,1
groruddalen.no,1
dolk.no,1
kirkebrann.no,1
norconsult.no,1
gggggg.no,1
ukeavisenledelse.no,1
met.no,1
dfly.no,1
newutd.no,1
nordax.no,1
birdlife.no,1
pokeGo.no,1
pokego.no,1
matoppskrift.no,1
autofil.no,1
pokegomap.no,1
blankoslo.no,1
concretewall.no,1
hdpano.no,1
ciris.no,1
devsoft.no,1
deltager.no,1
